movieNm,naverScore
밥정,9.61
그린 북,9.60
가버나움,9.59
디지몬 어드벤처 라스트 에볼루션 : 인연,9.54
베일리 어게인,9.53
원더,9.53
아일라,9.52
극장판 바이올렛 에버가든,9.50
먼 훗날 우리,9.50
당갈,9.49
포드 V 페라리,9.48
"그대, 고맙소 : 김호중 생애 첫 팬미팅 무비",9.48
주전장,9.47
쇼생크 탈출,9.45
터미네이터 2:오리지널,9.44
클래식,9.43
라이언 일병 구하기,9.43
덕구,9.43
나 홀로 집에,9.43
월-E,9.42
보헤미안 랩소디,9.42
빽 투 더 퓨쳐,9.41
사운드 오브 뮤직,9.41
포레스트 검프,9.41
잭 스나이더의 저스티스 리그,9.41
위대한 쇼맨,9.41
글래디에이터,9.41
타이타닉,9.41
인생은 아름다워,9.40
헬프,9.40
살인의 추억,9.40
매트릭스,9.40
가나의 혼인잔치: 언약,9.40
센과 치히로의 행방불명,9.39
토이 스토리 3,9.39
캐스트 어웨이,9.39
헌터 킬러,9.39
집으로...,9.38
반지의 제왕: 왕의 귀환,9.38
태극권,9.38
죽은 시인의 사회,9.38
어벤져스: 엔드게임,9.38
히든 피겨스,9.38
레옹,9.38
알라딘,9.38
쉰들러 리스트,9.37
아이 캔 스피크,9.37
클레멘타인,9.37
동주,9.37
안녕 베일리,9.37
여인의 향기,9.37
서유기 2 - 선리기연,9.36
미스 슬로운,9.36
굿 윌 헌팅,9.36
다시 태어나도 우리,9.36
트루먼 쇼,9.36
굿바이 마이 프랜드,9.36
주토피아,9.36
지상의 별처럼,9.35
아이즈 온 미 : 더 무비,9.35
반지의 제왕: 두 개의 탑,9.35
모노노케 히메,9.35
해리 포터와 마법사의 돌,9.35
세 얼간이,9.35
"지금, 만나러 갑니다",9.35
나 홀로 집에 2 - 뉴욕을 헤매다,9.35
더 록,9.34
에이리언 2,9.34
아기공룡 둘리 - 얼음별 대모험,9.34
울지마 톤즈,9.34
미세스 다웃파이어,9.34
다크 나이트,9.34
아마데우스,9.34
알라딘,9.34
빌리 엘리어트,9.33
로망,9.33
언터처블: 1%의 우정,9.33
그대를 사랑합니다,9.33
아이 엠 샘,9.33
달링,9.33
피아니스트,9.33
시네마 천국,9.33
아이언 자이언트,9.33
자산어보,9.33
라푼젤,9.33
프리 윌리,9.33
언더독,9.33
두 교황,9.33
오세암,9.33
업,9.32
프리퀀시,9.32
드래곤 길들이기,9.32
소원,9.32
천공의 성 라퓨타,9.32
해리 포터와 죽음의 성물 - 2부,9.32
토이 스토리,9.32
블라인드 사이드,9.32
러브 유어셀프 인 서울,9.32
주먹왕 랄프,9.32
모던 타임즈,9.32
코코,9.32
늑대와 춤을,9.32
쥬라기 공원,9.31
패왕별희 디 오리지널,9.31
브레이크 더 사일런스: 더 무비,9.31
우리들의 일그러진 영웅,9.31
에이 아이,9.31
코러스,9.31
폴리스 스토리,9.31
메리 포핀스,9.31
번 더 스테이지: 더 무비,9.31
폴란드로 간 아이들,9.31
소울,9.31
엽기적인 그녀,9.31
뷰티풀 투모로우,9.31
라따뚜이,9.30
록키,9.30
다이 하드,9.30
바이센테니얼 맨,9.30
바람계곡의 나우시카,9.30
반지의 제왕: 반지 원정대,9.30
타잔,9.30
8월의 크리스마스,9.30
시월애,9.30
몬스터 주식회사 3D,9.29
오페라의 유령 : 25주년 특별 공연,9.29
라이온 킹,9.29
허스토리,9.29
교회오빠,9.29
"나, 다니엘 블레이크",9.29
일급 살인,9.29
천녀유혼,9.29
내 이름은 칸,9.29
보디가드,9.29
12번째 솔저,9.29
영웅: 샐러멘더의 비밀,9.29
뽀로로 극장판 보물섬 대모험,9.29
동방불패,9.29
언플랜드,9.29
플립,9.29
자백,9.28
인생,9.28
우리들,9.28
퀸 락 몬트리올,9.28
취권 2,9.28
천국의 아이들,9.28
공동경비구역 JSA,9.28
빌리 엘리어트 뮤지컬 라이브,9.28
명탐정 코난: 베이커가의 망령,9.28
극장판 귀멸의 칼날: 무한열차편,9.28
세상에서 가장 아름다운 이별,9.27
더 코브: 슬픈 돌고래의 진실,9.27
말할 수 없는 비밀,9.27
맨발의 꿈,9.27
바람,9.27
마이클 잭슨의 디스 이즈 잇,9.27
에이트 빌로우,9.27
브레이브하트,9.27
랜드 오브 마인,9.26
도가니,9.26
"미안해요, 리키",9.26
소년시절의 너,9.26
가타카,9.26
이웃집 토토로,9.26
드래곤 길들이기 3,9.26
또 하나의 약속,9.26
본 얼티메이텀,9.25
터미네이터,9.25
온리 더 브레이브,9.25
신데렐라 맨,9.25
패밀리 맨,9.25
토이 스토리 2,9.25
로마의 휴일,9.25
로보캅,9.25
브링 더 소울 : 더 무비,9.25
가위손,9.25
해바라기,9.25
동급생,9.25
피아니스트의 전설,9.25
투게더,9.25
땐뽀걸즈,9.25
"광해, 왕이 된 남자",9.25
아저씨,9.25
트루맛쇼,9.25
하이 스쿨 뮤지컬: 졸업반,9.24
그랜 토리노,9.24
친정엄마,9.24
미녀와 야수,9.24
인크레더블,9.24
쿨 러닝,9.24
코다,9.24
마이너리티 리포트,9.24
석양의 무법자,9.24
부활: 그 증거,9.24
사랑은 비를 타고,9.24
뷰티풀 마인드,9.24
집으로 가는 길,9.24
리멤버 타이탄,9.24
스피릿,9.24
프린스 앤 프린세스,9.24
시스터 액트,9.24
"님아, 그 강을 건너지 마오",9.24
인셉션,9.23
극장판 헬로카봇 : 백악기 시대,9.23
백발마녀전,9.23
타인의 삶,9.23
아름다운 비행,9.23
바람과 함께 사라지다,9.23
킹콩을 들다,9.23
말아톤,9.23
레드슈즈,9.23
빽 투 더 퓨쳐 2,9.23
엽문,9.23
고 녀석 맛나겠다,9.23
라이언,9.23
1987,9.23
맨 오브 오너,9.23
미이라,9.23
위대한 독재자,9.23
크루즈 패밀리,9.23
인크레더블 2,9.23
페이트 스테이 나이트 헤븐즈필 제3장 스프링 송,9.22
크림슨 타이드,9.22
명탐정 코난: 천공의 난파선,9.22
갓파 쿠와 여름방학을,9.22
똥파리,9.22
로미오와 줄리엣,9.22
극장판 짱구는 못말려: 격돌! 낙서왕국과 얼추 네 명의 용사들,9.22
사랑과 영혼,9.22
러빙 빈센트,9.22
러브 앳,9.22
페이스 오프,9.22
벤허,9.22
잉여들의 히치하이킹,9.22
이티,9.22
특전 유보트,9.22
니모를 찾아서 3D,9.22
쥬만지,9.22
콘택트,9.22
마지막 황제,9.22
핵소 고지,9.22
천장지구,9.22
파워 오브 원,9.21
빠삐용,9.21
보루토 - 나루토 더 무비,9.21
뚜르: 내 생애 최고의 49일,9.21
빅,9.21
캐치 미 이프 유 캔,9.21
슈퍼소닉,9.21
태극기 휘날리며,9.21
스파이 지니어스,9.21
칼리토,9.21
나비 효과,9.21
테이큰,9.21
오베라는 남자,9.21
프레데터,9.21
크루엘라,9.21
첫 키스만 50번째,9.21
"내 어깨 위 고양이, 밥",9.21
스팅,9.21
대부 2,9.21
스파이더맨: 뉴 유니버스,9.21
스쿨 오브 락,9.21
그린 마일,9.20
어느 가족,9.20
서유기 - 월광보합,9.20
라디오 스타,9.20
어메이징 메리,9.20
눈의 여왕4,9.20
타짜,9.20
내 사랑,9.20
대부 3,9.20
과속스캔들,9.20
시간을 달리는 소녀,9.20
혹성탈출,9.20
해피 투게더,9.20
눈길,9.19
밴디트,9.19
공공의 적,9.19
바이올렛 에버가든 - 영원과 자동 수기 인형 -,9.19
스타 이즈 본,9.19
파수꾼,9.19
"서서평, 천천히 평온하게",9.19
인어 공주,9.19
네고시에이터,9.19
기적,9.19
영웅본색,9.19
"불량소녀, 너를 응원해!",9.19
뻐꾸기 둥지 위로 날아간 새,9.18
킹 오브 프리즘,9.18
어바웃 타임,9.18
아메리칸 히스토리 X,9.18
헤드윅,9.18
톰보이,9.18
뽀로로 극장판 공룡섬 대모험,9.18
플래툰,9.18
모아나,9.17
체인질링,9.17
코치 카터,9.17
흑집사 : 북 오브 더 아틀란틱,9.17
마틸다,9.17
제리 맥과이어,9.17
JFK,9.17
사랑의 블랙홀,9.17
오아시스,9.17
어 퓨 굿 맨,9.17
그래도 내가 하지 않았어,9.17
일 포스티노,9.16
하이 스피드! –프리! 스타팅 데이즈,9.16
바울,9.16
식코,9.16
도망자,9.16
아이,9.16
대부,9.16
하이큐!! 재능과 센스,9.16
가디언즈,9.16
귀향,9.16
파 앤드 어웨이,9.15
마스크,9.15
트와이스랜드,9.15
조조 래빗,9.15
분노의 역류,9.15
이집트 왕자,9.15
비상,9.15
극장판 공룡메카드: 타이니소어의 섬,9.15
길버트 그레이프,9.15
코렐라인: 비밀의 문,9.15
칠곡 가시나들,9.15
아름다운 세상을 위하여,9.14
귀를 기울이면,9.14
에너미 오브 스테이트,9.14
범죄도시,9.14
설리: 허드슨강의 기적,9.14
러브 어페어,9.14
즐거운 인생,9.14
블러드 다이아몬드,9.14
오즈의 마법사,9.14
할머니는 일학년,9.14
취권,9.13
첨밀밀,9.13
국가대표,9.13
말모이,9.13
후크,9.13
쉘 위 댄스,9.13
오직 그대만,9.13
트윈스터즈,9.13
스텝 업 3D,9.13
클릭,9.13
그해 여름,9.13
스트레인저 - 무황인담,9.13
스피드,9.13
혐오스런 마츠코의 일생,9.13
짱구는 못말려 극장판: 태풍을 부르는 노래하는 엉덩이 폭탄!,9.13
내겐 너무 소중한 너,9.12
패딩턴 2,9.12
봄날은 간다,9.12
겨울왕국,9.12
와이키키 브라더스,9.12
러브레터,9.12
우드잡,9.12
보물성,9.12
미션 임파서블: 폴아웃,9.12
늑대아이,9.12
뱀파이어와의 인터뷰,9.12
다키스트 아워,9.12
스틸 라이프,9.12
철가방 우수氏,9.12
짱구는 못말려 극장판: 정면승부! 로봇아빠의 역습,9.12
아는 여자,9.12
호로비츠를 위하여,9.12
아버지의 이름으로,9.12
저수지 게임,9.11
히트,9.11
노킹 온 헤븐스 도어,9.11
점박이 한반도의 공룡2 : 새로운 낙원,9.11
이터널 선샤인,9.11
써니,9.11
빽 투 더 퓨쳐 3,9.11
나이브스 아웃,9.11
분노의 질주: 더 세븐,9.11
아나스타샤,9.11
킹 오브 프리즘 프라이드 더 히어로,9.11
에이리언,9.11
스탠 바이 미,9.11
무간도,9.11
인터스텔라,9.11
빅 히어로,9.10
용서받지 못한 자,9.10
드래곤볼 슈퍼: 브로리,9.10
하치 이야기,9.10
스타워즈 에피소드 3 - 시스의 복수,9.10
블랙 호크 다운,9.10
라야와 마지막 드래곤,9.10
하울의 움직이는 성,9.10
파도가 지나간 자리,9.10
싸이코,9.10
뮬란,9.10
피터팬,9.10
웨딩 드레스,9.10
투캅스 3,9.10
증인,9.10
콘 에어,9.10
노팅 힐,9.09
미쓰백,9.09
용서받지 못한 자,9.09
정무문,9.09
샤인,9.09
극장판 쿠로코의 농구 라스트 게임,9.09
7인의 사무라이,9.09
추격자,9.09
러브 오브 시베리아,9.09
클리프행어,9.09
보디가드,9.09
공범자들,9.09
버킷리스트: 죽기 전에 꼭 하고 싶은 것들,9.09
패치 아담스,9.09
글루미 선데이,9.09
호텔 르완다,9.08
파이란,9.08
시스터 액트 2,9.08
내일을 향해 쏴라,9.08
피아니스트 세이모어의 뉴욕 소네트,9.08
피케이: 별에서 온 얼간이,9.08
첩혈쌍웅,9.08
스타워즈 에피소드 5 - 제국의 역습,9.08
피의 연대기,9.08
너는 내 운명,9.08
책상 서랍 속의 동화,9.08
인사이드 아웃,9.08
마이 걸,9.08
밀리언 달러 베이비,9.08
아바타,9.07
에린 브로코비치,9.07
쓰리 세컨즈,9.07
송가인 더 드라마,9.07
로건,9.07
업그레이드,9.07
에반게리온: 파,9.07
당신이 잠든 사이에,9.07
이연걸의 정무문,9.07
캐리비안의 해적 - 블랙 펄의 저주,9.06
이프 온리,9.06
록키 2,9.06
7월 4일생,9.06
아이덴티티,9.06
명탐정 코난: 침묵의 15분,9.06
바그다드 카페 : 디렉터스컷,9.06
내 깡패 같은 애인,9.06
하치 이야기,9.06
노트북,9.06
댄서,9.06
미스비헤이비어,9.06
타오르는 여인의 초상,9.06
블랙,9.05
리얼 스틸,9.05
식스 센스,9.05
세븐 데이즈,9.05
얼라이브,9.05
누들,9.05
배트맨 2,9.05
조 블랙의 사랑,9.05
퍼펙트 월드,9.05
브루스 올마이티,9.05
구니스,9.05
호텔 뭄바이,9.05
서프러제트,9.05
어린 의뢰인,9.05
GROW: 인피니트의 리얼 청춘 라이프,9.05
도신 - 정전자,9.05
명탐정 코난 : 제로의 집행인,9.05
경찰서를 털어라,9.05
아마겟돈,9.05
아홉살 인생,9.05
월플라워,9.05
하모니,9.05
"제자, 옥한흠",9.05
가디언,9.05
인디아나 존스 - 최후의 성전,9.05
올드보이,9.04
도니 브래스코,9.04
왕의 남자,9.04
다이 하드 3,9.04
메리 크리스마스,9.04
캡틴 필립스,9.04
루카,9.04
내부자들: 디 오리지널,9.04
터보,9.04
나는 고양이로소이다,9.04
물랑 루즈,9.04
티벳에서의 7년,9.04
엑스맨: 퍼스트 클래스,9.04
"알로, 슈티",9.04
굿바이,9.04
불멸의 연인,9.04
비긴 어게인,9.04
볼트,9.04
레이,9.04
진용,9.04
라스트 듀얼: 최후의 결투,9.03
영구와 땡칠이,9.03
세컨핸드 라이온스,9.03
젝스키스 에이틴,9.03
서칭 포 슈가맨,9.03
콜드 마운틴,9.03
케이 팩스,9.03
타샤 튜더,9.03
스윗 프랑세즈,9.03
택시운전사,9.03
인디아나 존스,9.03
크로싱,9.03
툴리,9.03
로마,9.03
에너미 앳 더 게이트,9.03
인사이드 잡,9.03
브이 포 벤데타,9.03
성원,9.03
슈퍼스타 감사용,9.02
싱 스트리트,9.02
파리넬리,9.02
인생 후르츠,9.02
양들의 침묵,9.02
결혼 이야기,9.02
스즈미야 하루히의 소실,9.02
다크 나이트 라이즈,9.02
토이 스토리 4,9.02
청설,9.02
러시 : 더 라이벌,9.02
극장판 짱구는 못말려: 신혼여행 허리케인~ 사라진 아빠!,9.02
동감,9.02
고양이 춤,9.02
보스 베이비 2,9.02
미져리,9.02
사랑의 선물,9.02
쿵푸 팬더,9.02
어네스트와 셀레스틴,9.02
말레나,9.02
마이 시스터즈 키퍼,9.02
빅 피쉬,9.02
연평해전,9.02
원스 어폰 어 타임 인 아메리카,9.02
국제시장,9.02
"그 시절, 우리가 좋아했던 소녀",9.01
온워드: 단 하루의 기적,9.01
마다가스카3 : 이번엔 서커스다!,9.01
극장판 도라에몽:신 진구의 버스 오브 재팬,9.01
끝까지 간다,9.01
론 서바이버,9.01
휘트니,9.01
더티 댄싱,9.01
산이 울다,9.01
룸,9.01
박하사탕,9.01
독수리 에디,9.01
명탐정 코난: 칠흑의 추적자,9.01
개를 훔치는 완벽한 방법,9.01
원피스 극장판 제트,9.01
베테랑,9.01
델마와 루이스,9.01
마녀 배달부 키키,9.01
메리와 맥스,9.00
고스트 메신저 극장판,9.00
씨 인사이드,9.00
어거스트 러쉬,9.00
하이큐!! 승자와 패자,9.00
수상한 그녀,9.00
세상을 바꾼 변호인,9.00
십계,9.00
변호인,9.00
스타워즈 에피소드 6 - 제다이의 귀환,9.00
꽃다발 같은 사랑을 했다,9.00
"조제, 호랑이 그리고 물고기들",9.00
불꽃 슛 통키,9.00
내 이야기!!,9.00
골!,9.00
인턴,9.00
크루즈 패밀리: 뉴 에이지,9.00
K-19 위도우메이커,9.00
블루 라군,8.99
스타워즈 에피소드 4 - 새로운 희망,8.99
미션 임파서블,8.99
파이브 피트,8.99
"안녕, 나의 소울메이트",8.99
내부자들,8.99
코알라,8.99
다이노소어 어드벤처 3D,8.99
말하는 건축가,8.99
소스 코드,8.99
스플릿,8.99
벅스 라이프,8.99
원스,8.99
새미의 어드벤쳐,8.99
스타쉽 트루퍼스,8.99
아메리칸 뷰티,8.99
번지 점프를 하다,8.99
루키,8.99
해피 피트 2,8.99
브레이크다운,8.99
마법에 걸린 사랑,8.99
천녀유혼 3 - 도도도,8.99
연애소설,8.99
레인 오버 미,8.99
명탐정 코난: 순흑의 악몽,8.99
터미널,8.98
슈퍼배드,8.98
레인 맨,8.98
극장판 마법소녀 마도카☆마기카 [전편] 시작의 이야기,8.98
울학교 이티,8.98
록 스탁 앤 투 스모킹 배럴즈,8.98
빅뱅 메이드,8.98
흐르는 강물처럼,8.98
씽,8.98
더 헌트,8.98
선생 김봉두,8.98
종횡사해,8.98
곰돌이 푸 다시 만나 행복해,8.97
선물,8.97
디스트릭트 9,8.97
맘마미아!2,8.97
내 마음의 풍금,8.97
암살,8.97
극장판 포켓몬스터 모두의 이야기,8.97
고장난 론,8.97
카,8.97
더 리더: 책 읽어주는 남자,8.97
시카고,8.97
킹콩,8.97
진링의 13소녀,8.97
영웅본색 2,8.97
불가사리,8.97
윤희에게,8.97
태양의 노래,8.97
오버 더 레인보우,8.96
마음이...,8.96
극장판 사이코패스,8.96
어벤져스: 인피니티 워,8.96
본 슈프리머시,8.96
배트맨 비긴즈,8.96
김정일리아,8.96
무간도 3 - 종극무간,8.96
5일의 마중,8.96
카우보이 비밥 - 천국의 문,8.96
더 파더,8.96
분노의 질주: 더 익스트림,8.96
오만과 편견,8.96
스노우 워커,8.96
미션,8.96
미스 리틀 선샤인,8.96
스타트렉 다크니스,8.96
솔드 아웃,8.96
엣지 오브 투모로우,8.96
담보,8.95
나의 특별한 형제,8.95
리틀 보이,8.95
죠스,8.95
이보다 더 좋을 순 없다,8.95
극장판 소드 아트 온라인 -오디널 스케일-,8.95
키즈 리턴,8.95
우린 액션배우다,8.95
우리 학교,8.95
인비저블 게스트,8.94
피아노의 숲,8.94
"극장판 포켓몬스터 베스트위시 : 신의 속도 게노세크트, 뮤츠의 각성",8.94
시,8.94
스윙걸즈,8.94
분노의 질주: 언리미티드,8.94
남매의 여름밤,8.94
가부와 메이 이야기,8.94
프리 가이,8.94
그것만이 내 세상,8.94
씨민과 나데르의 별거,8.94
대니쉬 걸,8.94
파니 핑크,8.94
가디언즈 오브 갤럭시 VOL. 2,8.94
"그날, 바다",8.94
벤자민 버튼의 시간은 거꾸로 간다,8.94
파인딩 포레스터,8.94
A-특공대,8.94
제8요일,8.94
주먹이 운다,8.94
앨빈과 슈퍼밴드,8.94
행복을 찾아서,8.94
리오,8.94
원초적 본능,8.94
극장판 나루토 질풍전: 로드 투 닌자,8.93
신세계,8.93
퍼펙트 게임,8.93
비투스,8.93
미쓰 와이프,8.93
스포트라이트,8.93
러브 액츄얼리,8.93
홈,8.93
인어 공주,8.93
매디슨 카운티의 다리,8.93
루이스,8.93
호밀밭의 반항아,8.93
스카페이스,8.93
덤보,8.93
초콜렛 도넛,8.93
뜨거운 안녕,8.93
서치,8.93
천녀유혼 2 - 인간도,8.93
존 큐,8.93
기쿠지로의 여름,8.92
레이더스,8.92
소년은 울지 않는다,8.92
"나는 내일, 어제의 너와 만난다",8.92
아이언맨,8.92
여행자,8.92
하이큐!! 끝과 시작,8.92
이별의 아침에 약속의 꽃을 장식하자,8.92
초콜릿,8.92
게임의 법칙,8.92
48미터,8.92
디어 헌터,8.92
캡틴 아메리카: 윈터 솔져,8.92
노무현입니다,8.91
원피스 필름 골드,8.91
마담 프루스트의 비밀정원,8.91
투 브라더스,8.91
부러진 화살,8.91
캐리비안의 해적 - 망자의 함,8.91
꼬마 니콜라,8.91
무서운 집,8.91
볼케이노,8.91
드래곤 길들이기 2,8.91
라스트 모히칸,8.91
비밥바룰라,8.91
중경삼림,8.91
내니 맥피 2 - 유모와 마법소동,8.91
극장판 슈타인즈 게이트: 부하영역의 데자뷰,8.91
굿바이 레닌,8.91
람보,8.90
"다만, 널 사랑하고 있어",8.90
다이 하드 4.0,8.90
페어리테일: 봉황의 무녀,8.90
사랑 후에 남겨진 것들,8.90
잔칫날,8.90
서편제,8.90
태양 아래,8.90
록키 발보아,8.90
하녀,8.90
소림축구,8.90
배심원들,8.90
해리 포터와 비밀의 방,8.90
추억의 마니,8.90
거인,8.90
바르다가 사랑한 얼굴들,8.90
미이라 2,8.90
더 데이,8.89
스파이더맨,8.89
앙: 단팥 인생 이야기,8.89
얼라이드,8.89
장수상회,8.89
웰컴 투 동막골,8.89
1917,8.89
100일 동안 100가지로 100퍼센트 행복찾기,8.89
해리가 샐리를 만났을 때,8.89
극장판 파워레인저: 닌자포스 VS 트레인포스 닌자 인 원더랜드,8.89
좋은 친구들,8.89
노다메 칸타빌레 최종악장,8.89
엘리트 스쿼드 2,8.89
미드나잇 선,8.89
그날 본 꽃의 이름을 우리는 아직 모른다,8.89
쉬즈 더 맨,8.89
명탐정 코난: 비색의 탄환,8.88
그녀를 믿지 마세요,8.88
극장판 유희왕 더 다크 사이드 오브 디멘션즈,8.88
슈렉,8.88
와일드 카드,8.88
헬로우 고스트,8.88
쉬리,8.88
트롤: 월드 투어,8.88
페르디난드,8.88
1급기밀,8.88
앨빈과 슈퍼밴드 2,8.88
엑스맨: 데이즈 오브 퓨처 패스트,8.88
마당을 나온 암탉,8.88
그렇게 아버지가 된다,8.88
황혼의 사무라이,8.87
스파이 게임,8.87
우리는 동물원을 샀다,8.87
...ing,8.87
디태치먼트,8.87
명탐정 코난: 은빛 날개의 마술사,8.87
아무도 모른다,8.87
파이트 클럽,8.87
U-571,8.87
트루 라이즈,8.87
이퀼리브리엄,8.87
청원,8.87
복수혈전,8.87
콜 오브 와일드,8.87
프라이멀 피어,8.87
팀 버튼의 크리스마스 악몽,8.87
아웃포스트,8.87
심연,8.87
슈퍼노바 지구 탈출기,8.86
라이프 오브 파이,8.86
의형제,8.86
드리머,8.86
댄싱퀸,8.86
천사의 사랑,8.86
프렌즈: 몬스터 섬의 비밀,8.86
트레인스포팅,8.86
사탄의 인형,8.86
LA 컨피덴셜,8.86
비포 선라이즈,8.86
바닐라 스카이,8.86
우먼 인 골드,8.86
극장판 도라에몽: 진구와 철인군단 날아라 천사들,8.86
아이언맨 3,8.85
쿼바디스,8.85
맨 온 파이어,8.85
각설탕,8.85
순정,8.85
천로역정: 천국을 찾아서,8.85
트랜스포머,8.85
짱구는 못말려 극장판: 폭풍수면! 꿈꾸는 세계 대돌격,8.85
예스 맨,8.85
무사,8.85
그 여자 작사 그 남자 작곡,8.85
나의 소녀시대,8.85
극장판 포켓몬스터 너로 정했다!,8.85
영화는 영화다,8.85
일일시호일,8.85
원피스 극장판: 스트롱 월드,8.84
굿모닝 맨하탄,8.84
글러브,8.84
토르: 라그나로크,8.84
김복동,8.84
희극지왕,8.84
스왈로우테일 버터플라이,8.84
초록물고기,8.84
짱구는 못말려 극장판: 초시공! 태풍을 부르는 나의 신부,8.84
파이터,8.84
매트릭스 2 - 리로디드,8.84
내 머리 속의 지우개,8.84
지구를 지켜라!,8.84
"어느 날, 사랑이 걸어왔다",8.84
시티 오브 갓,8.84
델타 보이즈,8.84
여배우는 오늘도,8.84
페이스 메이커,8.84
처음 만나는 자유,8.83
라스트 미션,8.83
데블스 에드버킷,8.83
첫잔처럼,8.83
달콤한 인생,8.83
크레이지 뷰티풀,8.83
블랙북,8.83
미션 임파서블 3,8.83
리틀 포레스트,8.83
12 몽키즈,8.83
7번방의 선물,8.83
토탈 리콜,8.83
"스탠바이, 웬디",8.83
코요테 어글리,8.83
미스터트롯: 더 무비,8.83
연인,8.82
트럼보,8.82
에이미,8.82
8 마일,8.82
작은 아씨들,8.82
극장판 도라에몽:진구의 남극 꽁꽁 대모험,8.82
배트맨,8.82
패트리어트 - 늪 속의 여우,8.82
슬럼독 밀리어네어,8.82
빅풋 주니어,8.82
탑건,8.82
다크 워터스,8.82
바스켓볼 다이어리,8.82
계춘할망,8.82
믿음의 승부,8.82
10분,8.82
타마코 러브 스토리,8.82
족벌 두 신문 이야기,8.81
아일랜드,8.81
레퀴엠,8.81
미라클 벨리에,8.81
메멘토,8.81
비트,8.81
라스베가스를 떠나며,8.81
고양이를 부탁해,8.81
라이어 라이어,8.81
집으로 가는 길,8.81
더티 댄싱 - 하바나 나이트,8.81
스타더스트,8.81
춘희막이,8.81
천문: 하늘에 묻는다,8.81
아멜리에,8.81
약속,8.81
킹스맨 : 시크릿 에이전트,8.81
매드맥스: 분노의 도로,8.81
제5원소,8.81
스트레이트 아웃 오브 컴턴,8.81
락앤롤 보트,8.80
아홉 스님,8.80
브리짓 존스의 베이비,8.80
폴라 익스프레스,8.80
위플래쉬,8.80
한공주,8.80
스테이션 7,8.80
분노의 질주: 더 맥시멈,8.80
너의 이름은.,8.80
어벤져스,8.80
스파이,8.80
두레소리,8.80
뽀로로 극장판 컴퓨터 왕국 대모험,8.80
드라큐라,8.80
극장판 요괴워치: 탄생의 비밀이다냥!,8.79
말죽거리 잔혹사,8.79
미드웨이,8.79
크게 될 놈,8.79
완득이,8.79
비열한 거리,8.79
미녀는 괴로워,8.79
찰리와 초콜릿 공장,8.79
봄 여름 가을 겨울 그리고 봄,8.79
범죄의 재구성,8.79
이번 일요일에,8.79
죽여주는 여자,8.79
여름날 우리,8.79
루돌프와 많이있어,8.79
오픈 유어 아이즈,8.79
바람의 소리,8.79
나우 이즈 굿,8.79
쓰리 빌보드,8.79
집오리와 들오리의 코인로커,8.79
"아이, 로봇",8.79
이미테이션 게임,8.79
다음 침공은 어디?,8.79
라빠르망,8.79
스파이더맨 2,8.79
극장판 루팡 3세 VS 명탐정 코난,8.78
소공녀,8.78
"심슨 가족, 더 무비",8.78
부에나 비스타 소셜 클럽,8.78
굿 다이노,8.78
명탐정 코난:진홍의 연가,8.78
극장판 원피스 스탬피드,8.78
달라스 바이어스 클럽,8.78
썬더와 마법저택,8.78
미녀와 야수,8.78
메가마인드,8.78
서태지 심포니,8.78
펄프 픽션,8.78
화양연화,8.78
극장판 포켓 몬스터 DP - 환영의 패왕 조로아크,8.78
불편한 진실,8.78
출국,8.78
극장판 요괴워치 섀도사이드: 도깨비왕의 부활,8.78
비포 선셋,8.77
아이스 에이지 3: 공룡시대,8.77
패트리어트 데이,8.77
"가장 따뜻한 색, 블루",8.77
마이펫의 이중생활2,8.77
스텝업4 : 레볼루션,8.77
더 포스트,8.77
데이비드 게일,8.77
내겐 너무 가벼운 그녀,8.77
"나의 사랑, 그리스",8.77
인 어 베러 월드,8.77
어바웃 어 보이,8.77
슈퍼배드 2,8.77
알 포인트,8.77
혹성탈출: 진화의 시작,8.77
사이비,8.77
액트 오브 킬링,8.77
박사가 사랑한 수식,8.76
김씨 표류기,8.76
란도리,8.76
박치기!,8.76
"장화, 홍련",8.76
엘프,8.76
리즈와 파랑새,8.76
김복남 살인사건의 전말,8.76
딥 임팩트,8.76
피터 래빗,8.76
찬실이는 복도 많지,8.75
러시 아워,8.75
에픽 : 숲속의 전설,8.75
도라에몽:스탠바이미,8.75
울고 싶은 나는 고양이 가면을 쓴다,8.75
공수도,8.75
사랑은 비가 갠 뒤처럼,8.75
넛잡 2,8.75
워크 투 리멤버,8.75
아메리칸 셰프,8.75
도그빌,8.75
대니 콜린스,8.75
해리 포터와 아즈카반의 죄수,8.75
본 아이덴티티,8.75
애자,8.75
벌새,8.75
지금 만나러 갑니다,8.74
극장판 도라에몽: 진구의 보물섬,8.74
극장판 헬로카봇:옴파로스 섬의 비밀,8.74
포켓몬 더 무비 XY 후파: 광륜의 초마신,8.74
더 페이버릿: 여왕의 여자,8.74
후 아 유,8.74
극장판 명탐정 코난:탐정들의 진혼가,8.74
러시 아워 2,8.74
미션 임파서블: 로그네이션,8.74
고야의 유령,8.74
크리스마스에 기적을 만날 확률,8.74
미션 임파서블 : 고스트 프로토콜,8.74
택시 드라이버,8.74
러덜리스,8.74
터닝메카드W: 블랙미러의 부활,8.74
아이리시맨,8.74
브링 잇 온,8.74
네버랜드를 찾아서,8.73
프리키 프라이데이,8.73
본 투 비 블루,8.73
몬태나,8.73
다이 하드 2,8.73
레고 무비2,8.73
월터의 상상은 현실이 된다,8.73
아기배달부 스토크,8.73
카사블랑카,8.73
채비,8.73
바닷마을 다이어리,8.73
퍼펙트 블루,8.73
"메밀꽃, 운수 좋은 날, 그리고 봄봄",8.73
오페라의 유령,8.73
빨간 구두,8.73
인피니트 콘서트 세컨드 인베이전 에볼루션 더 무비 3D,8.73
봄,8.73
슈퍼 프렌즈,8.73
콘스탄틴,8.73
보이후드,8.73
보글보글 스폰지 밥,8.73
안녕! 유에프오,8.72
시라노; 연애조작단,8.72
블레이드 2,8.72
포켓몬 더 무비 XY&Z 「볼케니온 : 기계왕국의 비밀」,8.72
더 박스,8.72
브레이킹 던 part2,8.72
위로공단,8.72
블레이드 러너,8.72
로드 무비,8.72
스텝 업,8.72
아티스트,8.72
취화선,8.72
블랙 스완,8.72
현기증,8.72
공각기동대,8.72
데이라잇,8.72
신비아파트: 금빛 도깨비와 비밀의 동굴,8.72
리플리,8.72
신데렐라 스토리,8.72
미술관 옆 동물원,8.72
언노운 우먼,8.72
엽문 2,8.72
아모레스 페로스,8.71
어드리프트:우리가 함께한 바다,8.71
아더 크리스마스,8.71
맨체스터 바이 더 씨,8.71
히노키오,8.71
"세라비, 이것이 인생!",8.71
스트레인저 댄 픽션,8.71
유브 갓 메일,8.71
닥터 스트레인지,8.71
큐브,8.71
미운 오리 새끼,8.71
쿵푸 팬더 2,8.71
"당신, 거기 있어줄래요",8.71
"버스, 정류장",8.71
악마는 프라다를 입는다,8.71
아메리칸 스나이퍼,8.71
남자가 사랑할 때,8.71
귀여운 여인,8.70
몬스터 대학교,8.70
쉐프,8.70
워리어,8.70
13 구역,8.70
우리들의 행복한 시간,8.70
엘 시크레토: 비밀의 눈동자,8.70
진짜로 일어날지도 몰라 기적,8.70
스타 트렉: 더 비기닝,8.70
우리집,8.70
"부르고뉴, 와인에서 찾은 인생",8.70
부당거래,8.70
잉글리쉬 페이션트,8.70
허브,8.70
트롤,8.70
알리타: 배틀 엔젤,8.70
더 레슬러,8.70
잠베지아: 신비한 나무섬의 비밀,8.70
겨울왕국 2,8.70
고,8.70
그을린 사랑,8.69
의천도룡기,8.69
마다가스카의 펭귄,8.69
크리드 2,8.69
명탐정 코난: 이차원의 저격수,8.69
로맨틱 홀리데이,8.69
데드풀 2,8.69
해가 서쪽에서 뜬다면,8.69
천국의 아이들,8.69
데자뷰,8.69
슈퍼배드 3,8.68
치킨 런,8.68
웨딩 싱어,8.68
딥 블루 씨,8.68
접속,8.68
귀향,8.68
업사이드,8.68
붉은 10월,8.68
무간도 2 - 혼돈의 시대,8.68
보이 A,8.68
센스 앤 센서빌리티,8.68
내가 죽기 전에 가장 듣고 싶은 말,8.68
짱구는 못말려 극장판: 나의 이사 이야기 선인장 대습격,8.68
맨 인 블랙,8.68
고지전,8.68
레이드 2,8.68
야수와 미녀,8.68
마미,8.68
파이스토리 : 악당상어 소탕작전,8.68
레지던트 이블,8.68
페르시아의 왕자: 시간의 모래,8.68
모리타니안,8.68
스노든,8.68
워터보이즈,8.68
극장판 베르세르크: 황금 시대편Ⅲ - 강림,8.68
워낭소리,8.68
버팔로 66,8.67
쿠르스크,8.67
더 라스트: 나루토 더 무비,8.67
쿵푸 허슬,8.67
붉은 돼지,8.67
보스 베이비,8.67
동사서독,8.67
내 생애 가장 아름다운 일주일,8.67
홀리데이,8.67
콜레트,8.67
버니드롭,8.67
가을의 전설,8.67
캡틴 아메리카: 시빌 워,8.67
용의자 X의 헌신,8.67
페인티드 베일,8.67
건축학개론,8.67
화이트 칙스,8.67
리틀 프린세스 소피아: 엘레나와 비밀의 아발로 왕국,8.67
브리짓 존스의 일기,8.67
김광석,8.67
래더 49,8.66
"무현, 두 도시 이야기",8.66
퓨리,8.66
영원한 여름,8.66
코알라 키드 : 영웅의 탄생,8.66
유주얼 서스펙트,8.66
하늘이 보내준 딸,8.66
세븐,8.66
몬스터,8.66
줄리 & 줄리아,8.66
판타스틱 Mr. 폭스,8.66
플로리다 프로젝트,8.66
조커,8.66
투모로우,8.66
잠수종과 나비,8.66
미래를 걷는 소녀,8.66
명탐정 코난:수평선상의 음모,8.66
말리와 나,8.66
항거:유관순 이야기,8.66
소녀X소녀,8.65
국가대표2,8.65
늑대소년,8.65
어린왕자,8.65
워크래프트: 전쟁의 서막,8.65
키싱 부스 2,8.65
포 미니츠,8.65
송 포 유,8.65
극장판 도라에몽: 진구의 마계 대모험 7인의 마법사,8.65
"지금, 이대로가 좋아요",8.65
브로크백 마운틴,8.65
썸머 워즈,8.65
리틀 러너,8.65
프로포즈,8.64
매트릭스 3 - 레볼루션,8.64
행복한 사전,8.64
범죄와의 전쟁 : 나쁜놈들 전성시대,8.64
스텝 업 2 - 더 스트리트,8.64
아포칼립토,8.64
걸어도 걸어도,8.64
69세,8.64
안나,8.64
괴물,8.64
안경,8.64
트로이,8.64
디 아워스,8.64
토탈 이클립스,8.64
꽃피는 봄이 오면,8.64
로드 오브 워,8.63
와니와 준하,8.63
사랑은 너무 복잡해,8.63
서유기 : 모험의 시작,8.63
더 플랜,8.63
그랑블루,8.63
언싱커블,8.63
친구,8.63
수상한 고객들,8.63
페이스 오브 러브,8.63
날아라 허동구,8.63
우리들과 경찰아저씨의 700일 전쟁,8.63
어바웃 슈미트,8.62
쿵푸팬더3,8.62
도쿄 타워,8.62
앤트맨과 와스프,8.62
범죄의 여왕,8.62
작전,8.62
킹덤 오브 헤븐,8.62
프란츠,8.62
세자매,8.62
새미의 어드벤쳐 2,8.62
패션 오브 크라이스트,8.62
주먹왕 랄프 2: 인터넷 속으로,8.62
레터스 투 줄리엣,8.62
나니아 연대기 - 캐스피언 왕자,8.62
베스트 오퍼,8.62
뽀로로 극장판 슈퍼썰매 대모험,8.62
라라랜드,8.62
플라이,8.62
서바이벌 패밀리,8.61
서극의 칼,8.61
천국의 우편배달부,8.61
카트,8.61
엑소시스트,8.61
극장판 짱구는 못말려 : 습격!! 외계인 덩덩이,8.61
런던시계탑 밑에서 사랑을 찾을 확률,8.61
국화꽃 향기,8.61
파닥파닥,8.61
고양이의 보은,8.61
노스 컨츄리,8.61
해피 피트,8.61
완벽한 타인,8.61
퐁네프의 연인들,8.61
캐롤,8.61
명탐정 코난: 11번째 스트라이커,8.61
배드 지니어스,8.61
다우트,8.60
"안녕,헤이즐",8.60
캐쉬백,8.60
진주만,8.60
창,8.60
빠삐용,8.60
태풍이 지나가고,8.60
공주와 개구리,8.60
지구,8.60
앤트맨,8.60
오두막,8.60
런치박스,8.60
죽어야 사는 여자,8.60
모터싸이클 다이어리,8.60
드림 쏭,8.60
약장수,8.60
도화선,8.60
내니 맥피 - 우리 유모는 마법사,8.60
웨이 백,8.59
스내치,8.59
몬스터 호텔 3,8.59
키스 오브 드래곤,8.59
캡틴 판타스틱,8.59
몬스터 콜,8.59
노바디 ,8.59
노예 12년,8.59
아이스 에이지,8.59
겟 썸,8.59
내가 고백을 하면,8.58
비커밍 제인,8.58
러닝 스케어드,8.58
철도원,8.58
몬스터 호텔 2,8.58
인정사정 볼 것 없다,8.58
논스톱,8.58
결혼은 미친 짓이다,8.58
자전거 탄 소년,8.58
프레스티지,8.58
카메라를 멈추면 안 돼!,8.58
피아노,8.58
드림걸즈,8.58
아이 필 프리티,8.58
실버라이닝 플레이북,8.57
초한지: 영웅의 부활,8.57
"색, 계",8.57
데스 레이스,8.57
콘스탄트 가드너,8.57
감바의 대모험,8.57
풀 메탈 자켓,8.57
마음이 2,8.57
기사 윌리엄,8.57
가족의 탄생,8.57
드럼라인,8.57
반창꼬,8.57
내일의 기억,8.57
내 아내의 모든 것,8.57
우리 생애 최고의 순간,8.57
올드 미스 다이어리 - 극장판,8.57
라스트베가스,8.57
아이다호,8.57
소중한 날의 꿈,8.57
아폴로 13,8.57
마이펫의 이중생활,8.57
천년여우 여우비,8.57
스머프: 비밀의 숲,8.56
하나-비,8.56
사이드웨이,8.56
포카혼타스,8.56
더 이퀄라이저,8.56
가려진 시간,8.56
패딩턴,8.56
13층,8.56
극장판 도라에몽 진구의 아프리카 모험 : 베코와 5인의 탐험대,8.56
트레이닝 데이,8.56
분노,8.55
태양은 없다,8.55
가디언즈 오브 갤럭시,8.55
세상에서 고양이가 사라진다면,8.55
심야식당2,8.55
우리 개 이야기,8.55
발레리나,8.55
백설공주 살인사건,8.55
로렉스,8.55
버틀러: 대통령의 집사,8.55
더 폴: 오디어스와 환상의 문,8.55
단테스 피크,8.55
퀼,8.55
눈의 여왕3: 눈과 불의 마법대결,8.55
싸이보그 그녀,8.55
코리아,8.55
바다 탐험대 옥토넛 시즌4: 늪지탐험선K,8.55
컨스피러시,8.55
타락천사,8.55
키사라기 미키짱,8.54
올가미,8.54
백엔의 사랑,8.54
리틀 디제이,8.54
신비아파트 극장판 하늘도깨비 대 요르문간드,8.54
4등,8.54
장고:분노의 추적자,8.54
람보 : 라스트 워,8.54
오싹한 연애,8.54
레드 스패로,8.54
골드,8.54
슈렉 2,8.54
빅쇼트,8.54
개구쟁이 스머프,8.53
트래쉬,8.53
중독노래방,8.53
몽타주,8.53
와호장룡,8.53
스파이더위크가의 비밀,8.53
극장판 포켓 몬스터 DP - 아르세우스 초극의 시공으로,8.53
악마는 사라지지 않는다,8.53
꿈의 제인,8.53
족구왕,8.53
덤 앤 더머,8.53
사우스포,8.52
내일을 위한 시간,8.52
혹성탈출: 반격의 서막,8.52
레디 플레이어 원,8.52
침묵의 목격자,8.52
강철중: 공공의 적 1-1,8.52
맨 프럼 어스,8.52
윈드 리버,8.52
더 킹: 헨리 5세,8.52
레이디 버드,8.52
모어 댄 블루,8.52
벨벳 골드마인,8.52
미드나잇 인 파리,8.52
엽문3: 최후의 대결,8.52
데드 맨 워킹,8.52
그녀,8.52
화씨 9/11,8.52
사랑할 때 버려야 할 아까운 것들,8.52
몬테 크리스토 백작,8.52
뉴 폴리스 스토리,8.52
도리를 찾아서,8.52
더 스파이,8.51
쩨쩨한 로맨스,8.51
로스트 인 더스트,8.51
너와 파도를 탈 수 있다면,8.51
엘리트 스쿼드,8.51
훌라 걸스,8.51
록키 호러 픽쳐 쇼,8.51
웜 바디스,8.51
러브 라이브! 더 스쿨 아이돌 무비,8.51
재심,8.51
지. 아이. 제인,8.51
더 콘서트,8.51
렛 미 인,8.51
마스터 앤드 커맨더: 위대한 정복자,8.51
오빠생각,8.51
세이프 헤이븐,8.51
극한직업,8.51
언페이스풀,8.50
블루 재스민,8.50
파퍼씨네 펭귄들,8.50
미 비포 유,8.50
BB 프로젝트,8.50
레드 드래곤,8.50
괴물의 아이,8.50
스탈린그라드: 최후의 전투,8.50
보리밭을 흔드는 바람,8.50
호빗: 다섯 군대 전투,8.50
"우리, 사랑일까요?",8.50
데어 윌 비 블러드,8.50
디 아더스,8.50
매치스틱 맨,8.50
양지의 그녀,8.50
아무르,8.50
위아 유어 프렌즈,8.49
짱구는 못말려 극장판：엄청 맛있어! B급 음식 서바이벌!,8.49
남극의 쉐프,8.49
기생충,8.49
더 문,8.49
세인트 빈센트,8.49
데몰리션,8.49
호빗 : 스마우그의 폐허,8.48
"아이, 토냐",8.48
고백,8.48
메리에겐 뭔가 특별한 것이 있다,8.48
거꾸로 된 파테마,8.48
싱글 맨,8.48
아더와 미니모이: 제1탄 비밀 원정대의 출정,8.48
회복,8.48
식객,8.48
스틸 앨리스,8.48
목소리의 형태,8.48
디스커넥트,8.48
어톤먼트,8.48
아이언 마스크,8.47
졸업,8.47
그녀에게,8.47
킥 애스: 영웅의 탄생,8.47
로그 원: 스타워즈 스토리,8.47
메종 드 히미코,8.47
엔드 오브 왓치,8.47
분노의 질주: 더 오리지널,8.47
노매드랜드,8.47
아워 이디엇 브라더,8.47
내가 살인범이다,8.47
다크 시티,8.47
아비정전,8.47
바람의 전설,8.47
카3: 새로운 도전,8.47
당신이 사랑하는 동안에,8.47
아메리칸 갱스터,8.47
인사이더,8.47
셰익스피어 인 러브,8.47
이탈리안 잡,8.47
블랙 가스펠,8.47
나쁜 교육,8.46
"로봇, 소리",8.46
문영,8.46
앵그리 버드 2: 독수리 왕국의 침공,8.46
왓 위민 원트,8.46
일루셔니스트,8.46
헤이트풀8,8.46
와일드,8.46
레고 배트맨 무비,8.46
에어로너츠,8.46
블랙 위도우,8.46
"극장판 파워레인저 다이노포스VS고버스터즈 공룡 대결전! ~안녕, 영원한 친구여~",8.46
로렌스 애니웨이 ,8.46
행복 목욕탕,8.46
영주,8.46
울프 콜,8.46
폰 부스,8.46
정글,8.46
리틀 프린세스 소피아: 신비한 섬,8.46
옥자,8.45
꽃보다 남자,8.45
컬러풀,8.45
국경의 남쪽,8.45
미스 페레그린과 이상한 아이들의 집,8.45
나비잠,8.45
럭키,8.45
슈퍼 사이즈 미,8.45
플레이스 비욘드 더 파인즈,8.45
밀크,8.45
네버다이 버터플라이,8.45
하트브레이커스,8.44
러브 라이브! 선샤인!! 더 스쿨 아이돌 무비 오버 더 레인보우,8.44
고녀석 맛나겠다2 : 함께라서 행복해,8.44
7년-그들이 없는 언론,8.44
탐정 : 더 비기닝,8.44
링,8.44
나는 부정한다,8.44
지옥의 묵시록,8.44
로봇,8.44
젠틀맨,8.44
명량,8.44
매직 아워,8.44
더 와이프,8.44
밀정,8.44
정글북,8.44
보이스,8.44
레고 무비,8.44
플루토에서 아침을,8.44
아웃 오브 아프리카,8.44
폭풍 속으로,8.44
위대한 개츠비,8.43
아쿠아마린,8.43
스파이 브릿지,8.43
허트 로커,8.43
금발이 너무해,8.43
머드,8.43
터미네이터: 다크 페이트,8.43
카페 벨에포크,8.43
레토,8.43
달마야 놀자,8.43
맘마미아!,8.43
명탐정 코난 : 화염의 해바라기,8.43
언브로큰,8.43
다이노 타임,8.43
500일의 썸머,8.43
위대한 유산,8.43
거북이 달린다,8.43
넘버 3,8.43
나이트 크롤러,8.42
어둠 속의 댄서,8.42
"고흐, 영원의 문에서",8.42
라스베가스에서만 생길 수 있는 일,8.42
시카리오: 데이 오브 솔다도,8.42
3:10 투 유마,8.42
마션,8.42
허니,8.42
베스트 오브 미,8.42
호빗 : 뜻밖의 여정,8.42
광대: 소리꾼 감독판,8.42
너의 결혼식,8.42
블랙머니,8.42
에놀라 홈즈,8.41
극장판 암살교실: 365일의 시간,8.41
스윙키즈,8.41
"괜찮아요, 미스터 브래드",8.41
노스페이스,8.41
라 비 앙 로즈,8.41
극장판 파워레인저 트레인포스VS 다이노포스 THE MOVIE,8.41
필라델피아,8.41
무명인,8.41
바이스,8.41
월레스와 그로밋 - 거대 토끼의 저주,8.41
킬러의 보디가드,8.41
시애틀의 잠 못 이루는 밤,8.41
실미도,8.41
타임 투 킬,8.41
소라닌,8.41
스니치,8.41
성실한 나라의 앨리스,8.41
트리플 9,8.41
노다메 칸타빌레 Vol.1,8.41
동경가족,8.41
머니볼,8.41
너의 췌장을 먹고 싶어,8.41
"혜화,동",8.41
너를 만난 여름,8.41
박스트롤,8.41
숀더쉽,8.40
슬픔보다 더 슬픈 이야기,8.40
리틀 포레스트: 여름과 가을,8.40
렌트,8.40
존 말코비치 되기,8.40
챔프,8.40
하나와 앨리스 : 살인사건,8.40
최강전사 미니특공대 : 영웅의 탄생,8.40
플로렌스,8.40
비우티풀,8.40
일주일간 친구,8.40
필로미나의 기적,8.40
품행 제로,8.40
데몰리션 맨,8.40
"오늘 밤, 로맨스 극장에서",8.40
셔터 아일랜드,8.40
밤쉘: 세상을 바꾼 폭탄선언,8.40
위험한 패밀리,8.40
새벽의 저주,8.40
어글리 트루스,8.40
캐리,8.40
리틀 포레스트2: 겨울과 봄,8.40
샬롯의 거미줄,8.40
앨빈과 슈퍼밴드 3,8.40
우리 형,8.40
명탐정 코난 : 감벽의 관,8.39
탐정: 리턴즈,8.39
패컬티,8.39
워터월드,8.39
헷지,8.39
내겐 너무 아찔한 그녀,8.39
엘라의 계곡,8.39
언터처블,8.39
영웅: 천하의 시작,8.39
우아한 거짓말,8.39
천재강아지 미스터 피바디,8.39
그랜드 부다페스트 호텔,8.39
미씽: 사라진 여자,8.39
바스터즈: 거친 녀석들,8.39
드림업,8.39
장화신은 고양이,8.39
제이슨 본,8.39
블레이드,8.39
닥터 슬립,8.39
레미제라블,8.38
천국보다 아름다운,8.38
히야,8.38
액트 오브 밸러: 최정예 특수부대,8.38
복수는 나의 것,8.38
하늘을 걷는 남자,8.38
케이온,8.38
레볼루셔너리 로드,8.38
레고 닌자고 무비,8.38
"달콤, 살벌한 연인",8.38
인 디 에어,8.38
오펀: 천사의 비밀,8.38
더블 타겟,8.38
러스트 앤 본,8.38
부활,8.38
완벽한 그녀에게 딱 한가지 없는 것,8.38
지렁이,8.38
마이 리틀 히어로,8.38
워 호스,8.38
거짓말,8.38
가족,8.38
태양의 제국,8.38
마이 파더,8.38
써드 퍼슨,8.37
스크림,8.37
스파이더맨: 파 프롬 홈,8.37
사쿠란,8.37
극장판 요괴워치: 염라대왕과 5개의 이야기다냥!,8.37
나잇 & 데이,8.37
레지던트 이블: 파멸의 날,8.37
뮨: 달의 요정,8.36
미성년,8.36
터널,8.36
냉정과 열정 사이,8.36
나의 결혼 원정기,8.36
옹박 - 무에타이의 후예,8.36
용의자,8.36
킹스맨: 골든 서클,8.36
리턴,8.36
개들의 섬,8.36
티파니에서 아침을,8.36
스파이더맨: 홈커밍,8.36
반칙왕,8.36
아쿠아맨,8.36
형,8.36
이다,8.36
주디,8.35
P.S 아이 러브 유,8.35
이파네마 소년,8.35
안도 타다오,8.35
드래프트 데이,8.35
초속5센티미터,8.35
유령 신부,8.35
덕혜옹주,8.35
홈,8.35
다가오는 것들,8.35
케빈에 대하여,8.35
수퍼 소닉,8.35
나의 첫 번째 슈퍼스타,8.34
낮술,8.34
신데렐라,8.34
이웃집 남자,8.34
어카운턴트,8.34
시절인연,8.34
아키라,8.34
우아한 세계,8.34
카모메 식당,8.34
프리즌 이스케이프,8.34
해피 엔드,8.34
한 번 더 해피엔딩,8.34
닌자터틀 : 어둠의 히어로,8.34
페어 러브,8.34
할렐루야,8.34
파운더,8.34
상하이,8.33
셰이프 오브 워터: 사랑의 모양,8.33
라운더스,8.33
보이 걸 씽,8.33
아틱,8.33
토르: 다크 월드,8.33
굿모닝 에브리원,8.33
팬텀 스레드,8.33
우리도 사랑일까,8.33
마지막선물...귀휴,8.33
그린치,8.33
모가디슈,8.33
1919 유관순,8.33
우리들의 헤어진 여자친구,8.33
암수살인,8.33
Mr. 히치 - 당신을 위한 데이트 코치,8.33
오멘,8.33
50/50,8.33
현기증,8.32
바다 탐험대 옥토넛 시즌4: 아슬아슬 구조대작전,8.32
불청객,8.32
월요일이 사라졌다,8.32
강철비,8.32
"좋아해, 너를",8.32
비비안 마이어를 찾아서,8.32
싱글라이더,8.32
롱기스트 야드,8.32
프로포즈 데이,8.32
마음이 외치고 싶어해,8.32
극장판 도라에몽: 진구의 우주영웅기~스페이스 히어로즈~,8.32
시카리오: 암살자의 도시,8.32
스폰지밥3D,8.32
원챈스,8.32
검은 사제들,8.32
이스케이프 플랜,8.32
들개,8.32
리스본행 야간열차,8.32
우리 집에 왜 왔니,8.32
유레루,8.32
슈퍼 빼꼼: 스파이 대작전,8.32
블루 발렌타인,8.32
노미오와 줄리엣,8.31
런어웨이,8.31
천년여우,8.31
어벤져스: 에이지 오브 울트론,8.31
매그놀리아,8.31
내 인생의 마지막 변화구,8.31
킹스 스피치,8.31
마야,8.31
더 콜,8.31
몬스터 패밀리,8.31
파프리카,8.31
헝거게임: 캣칭 파이어,8.31
18 : 우리들의 성장 느와르,8.31
제보자,8.31
위 워 솔저스,8.31
패터슨,8.30
특별수사: 사형수의 편지,8.30
주유소 습격사건,8.30
나 없는 내 인생,8.30
엑시트,8.30
파파로티,8.30
킬러들의 수다,8.30
유스,8.30
그래비티,8.30
신은 죽지 않았다 3: 어둠 속의 빛,8.30
나를 찾아줘,8.30
리오 2,8.30
튼튼이의 모험,8.30
나우 유 씨 미 2,8.30
킬 빌 - 1부,8.30
에너미 라인스,8.29
극장판 요괴워치: 하늘을 나는 고래와 더블세계다냥!,8.29
옹박 - 두번째 미션,8.29
우리가 꿈꾸는 기적: 인빅터스,8.29
로드 투 퍼디션,8.29
헤어스프레이,8.29
김종욱 찾기,8.29
무인 곽원갑,8.29
메기,8.29
겟 아웃,8.29
폭력의 법칙: 나쁜 피 두 번째 이야기,8.29
"안녕, 형아",8.29
덩케르크,8.29
프로스트 VS 닉슨,8.29
비밀,8.29
앨빈과 슈퍼밴드: 악동 어드벤처,8.29
황색 눈물,8.29
캐리비안의 해적: 죽은 자는 말이 없다,8.28
더 테러 라이브,8.28
분노의 질주,8.28
앵그리버드 더 무비,8.28
미라클 프롬 헤븐,8.28
고스트버스터즈,8.28
모짜르트와 고래,8.28
더 재킷,8.28
쏘우 2,8.28
데인저러스 메소드,8.28
씬 시티,8.28
향수 - 어느 살인자의 이야기,8.28
신기전,8.28
램페이지,8.28
라이온 킹,8.28
시간 여행자의 아내,8.28
메이즈 러너,8.28
7급 공무원,8.28
나의 특별한 사랑 이야기,8.28
사도,8.28
엔젤 해즈 폴른,8.28
트루 로맨스,8.27
컨테이젼,8.27
데스 노트 - 라스트 네임,8.27
쓰리 데이즈,8.27
데스티네이션,8.27
저수지의 개들,8.27
해적: 바다로 간 산적,8.27
양자물리학,8.27
원티드,8.27
"바람의 검, 신선조",8.27
노아의 방주: 남겨진 녀석들,8.27
인크레더블 헐크,8.27
살아남은 아이,8.27
칠드런 오브 맨,8.27
버드맨,8.27
콜드 워,8.27
공조,8.26
스탠리의 도시락,8.26
크래쉬,8.26
삼진그룹 영어토익반,8.26
청년경찰,8.26
이퀄스,8.26
아이 인 더 스카이,8.26
미스터 캣,8.26
판타스틱 소녀 백서,8.26
문호 스트레이독스 [데드애플],8.26
프라임 러브,8.26
컨택트,8.26
바다 탐험대 옥토넛 시즌4: 바다 괴물 대소동,8.26
좋아해줘,8.26
거울나라의 앨리스,8.26
브라더스,8.25
이별계약,8.25
장사리 : 잊혀진 영웅들,8.25
사랑할 때 이야기하는 것들,8.25
하늘에서 음식이 내린다면,8.25
슈퍼미니,8.25
시간,8.25
종려나무 숲,8.25
벤허,8.25
피터와 드래곤,8.25
우리의 20세기,8.25
판의 미로 - 오필리아와 세 개의 열쇠,8.24
오블리비언,8.24
아메리칸 싸이코,8.24
무지개 여신,8.24
구스범스,8.24
레드카펫,8.24
불량 공주 모모코,8.24
크리스마스 캐롤,8.24
서약,8.24
아이스 에이지 4: 대륙 이동설,8.24
컬러풀 웨딩즈,8.24
마루 밑 아리에티,8.24
미스터 노바디,8.24
나의 PS 파트너,8.24
올 이즈 로스트,8.23
원 데이,8.23
내안의 그놈,8.23
신은 죽지 않았다 2,8.23
타임 패러독스,8.23
댄 인 러브,8.23
비기너스,8.23
아르고,8.23
클라우드 아틀라스,8.23
허비 - 첫 시동을 걸다,8.23
화벽,8.23
메소드,8.23
여고괴담 두번째 이야기,8.23
컨저링 2,8.23
포화 속으로,8.23
디파이언스,8.22
일루셔니스트,8.22
69 식스티 나인,8.22
파더 앤 도터,8.22
제로 다크 서티,8.22
월스트리트: 분노의 복수,8.22
"연애, 그 참을 수 없는 가벼움",8.22
벼랑 위의 포뇨,8.22
마이펫 오지,8.22
월드워Z,8.22
거북이는 의외로 빨리 헤엄친다,8.22
폼포코 너구리 대작전,8.22
"그래, 가족",8.22
멋진 악몽,8.22
페넬로피,8.22
발레 교습소,8.22
베티블루 37.2,8.22
노인을 위한 나라는 없다,8.22
멋진 하루,8.22
저 산 너머,8.22
팬도럼,8.22
인투 더 스톰,8.22
철콘 근크리트,8.21
빅 아이즈,8.21
엑스맨 2 - 엑스투,8.21
엑스맨 탄생: 울버린,8.21
봄날의 곰을 좋아하세요?,8.21
말레피센트,8.21
무산일기,8.21
인랑,8.21
캐리비안의 해적 - 세상의 끝에서,8.21
사랑을 놓치다,8.21
체인지,8.21
럭키 넘버 슬레븐,8.21
마녀,8.21
전우치,8.21
서양골동양과자점 앤티크,8.21
판도라,8.21
마지막 4중주,8.21
해리 포터와 죽음의 성물 - 1부,8.21
비포 미드나잇,8.20
클루리스,8.20
팅커 테일러 솔저 스파이,8.20
경계선,8.20
1번가의 기적,8.20
저지 걸,8.20
오! 브라더스,8.20
코어,8.20
킹스글레이브: 파이널 판타지 XV,8.20
파가니니: 악마의 바이올리니스트,8.20
아이스 에이지: 지구 대충돌,8.20
내게 남은 사랑을,8.20
577 프로젝트,8.20
데드풀,8.20
21 그램,8.20
천일의 스캔들,8.20
아나콘다,8.20
짱구는 못말려 극장판: 태풍을 부르는 나와 우주의 프린세스,8.20
해피 데스데이,8.19
환절기,8.19
프랑켄위니,8.19
명탐정 코난 : 코난 실종사건 - 사상 최악의 이틀,8.19
플란다스의 개,8.19
이스턴 프라미스,8.19
스타트렉 비욘드,8.19
"화성 아이, 지구 아빠",8.19
브리짓 존스의 일기 - 열정과 애정,8.19
나의 사적인 여자친구,8.19
와일드 테일즈: 참을 수 없는 순간,8.19
셰임,8.19
더 테너 리리코 스핀토,8.19
디스 민즈 워,8.19
록키 4,8.19
프릭스,8.19
셜록 홈즈,8.19
나쁜 녀석들 2,8.19
터미네이터: 미래전쟁의 시작,8.19
스워드피쉬,8.19
몬스터 호텔,8.19
엑스맨: 아포칼립스,8.18
퀸카로 살아남는 법,8.18
4월 이야기,8.18
클로저,8.18
기억의 밤,8.18
고령화 가족,8.18
맨 인 블랙 3,8.18
사일런스,8.18
더 임파서블,8.18
리미트리스,8.18
안나 카레니나,8.18
라파예트,8.18
간츠: 오,8.18
링컨 차를 타는 변호사,8.18
하트 오브 더 씨,8.18
잠깐만 회사 좀 관두고 올게,8.18
신비한 동물사전,8.18
런,8.18
슬리피 할로우,8.18
스카우트,8.18
황시,8.18
바람의 검심 : 교토 대화재편,8.18
인디펜던스 데이,8.18
고질라 VS. 콩,8.18
아델라인 : 멈춰진 시간,8.17
디센던트,8.17
클라우즈 오브 실스마리아,8.17
바람의 파이터,8.17
마더,8.17
호튼,8.17
터키,8.17
맨 프롬 UNCLE,8.17
폭스캐처,8.17
워터호스,8.17
꾸뻬씨의 행복여행,8.17
언어의 정원,8.17
작전명 발키리,8.17
아나키스트,8.17
127 시간,8.17
무언의 목격자,8.17
메리 포핀스 리턴즈,8.16
마을에 부는 산들바람,8.16
로마 위드 러브,8.16
신암행어사,8.16
플랜맨,8.16
천사와 악마,8.16
쏘우,8.16
테넷,8.16
진주 귀걸이를 한 소녀,8.16
불량남녀,8.16
콰이어트 플레이스 2,8.16
인사이드 르윈,8.15
내 첫사랑을 너에게 바친다,8.15
어디선가 누군가에 무슨 일이 생기면 틀림없이 나타난다 홍반장,8.15
원라인,8.15
핫 칙,8.15
프란시스 하,8.15
차일드 44,8.15
귀 없는 토끼,8.15
사랑보다 아름다운 유혹,8.15
올드 가드,8.15
킥 애스 2: 겁 없는 녀석들,8.15
저스트 라이크 헤븐,8.15
